Date,Product Name,Category,Price,Quantity Sold,Revenue
13-04-2023,Chair,Furniture,132.55,8,1060.4
08-07-2023,Tablet,Electronics,501.25,11,5513.75
29-03-2023,Headphones,Electronics,228.58,3,685.74
30-05-2023,Smartphone,Electronics,749.8,6,4498.8
11-07-2023,Chair,Furniture,327.87,12,3934.44
11-12-2023,Tablet,Electronics,650.67,10,6506.7
07-07-2023,Sofa,Furniture,255.23,15,3828.45
20-02-2023,Sofa,Furniture,492.45,3,1477.35
03-11-2023,Milk,Groceries,9.56,18,172.08
30-03-2023,Table,Furniture,413.78,9,3724.02
12-12-2023,Smartphone,Electronics,715.81,15,10737.15
21-09-2023,Eggs,Groceries,18.28,4,73.12
19-02-2023,Bed,Furniture,190.27,6,1141.62
23-02-2023,Shoes,Clothing,26.64,18,479.52
06-08-2023,Table,Furniture,227.82,4,911.28
27-09-2023,Cheese,Groceries,7.2,14,100.8
03-08-2023,Chair,Furniture,482.53,16,7720.48
25-08-2023,Jacket,Clothing,84.59,13,1099.67
10-02-2023,Tablet,Electronics,248.74,7,1741.18
09-01-2023,Chair,Furniture,139.42,11,1533.62
22-03-2023,Sofa,Furniture,405.58,5,2027.9
19-08-2023,Jeans,Clothing,92.35,9,831.15
24-11-2023,Table,Furniture,92.93,5,464.65
09-04-2023,Bed,Furniture,173.62,3,520.86
15-08-2023,Tablet,Electronics,741.92,1,741.92
05-01-2023,Jacket,Clothing,79.39,7,555.73
10-10-2023,Tablet,Electronics,484.79,10,4847.9
28-06-2023,Cheese,Groceries,13.09,4,52.36
10-08-2023,Tablet,Electronics,643.98,15,9659.7
20-06-2023,Headphones,Electronics,948.57,7,6639.99
06-07-2023,Bread,Groceries,17.73,10,177.3
14-02-2023,Jeans,Clothing,19.49,12,233.88
13-02-2023,Table,Furniture,447.48,7,3132.36
09-07-2023,Laptop,Electronics,305.14,13,3966.82
21-08-2023,Eggs,Groceries,4.13,9,37.17
14-11-2023,Laptop,Electronics,207.88,12,2494.56
01-06-2023,Eggs,Groceries,7.14,9,64.26
29-06-2023,Smartphone,Electronics,974.6,12,11695.2
22-10-2023,Jacket,Clothing,37.08,17,630.36
22-03-2023,Milk,Groceries,19.56,5,97.8
12-08-2023,Laptop,Electronics,315.61,2,631.22
22-02-2023,Table,Furniture,493.54,4,1974.16
22-07-2023,Sofa,Furniture,158.97,6,953.82
07-10-2023,Headphones,Electronics,985.08,11,10835.88
28-08-2023,Chair,Furniture,117.82,6,706.92
15-12-2023,Cheese,Groceries,7.19,4,28.76
12-12-2023,Eggs,Groceries,5.3,7,37.1
04-11-2023,Laptop,Electronics,457.81,7,3204.67
04-12-2023,Chair,Furniture,354.06,18,6373.08
31-05-2023,Bread,Groceries,14.22,7,99.54
09-09-2023,Table,Furniture,491.98,17,8363.66
02-01-2023,Headphones,Electronics,968.88,5,4844.4
06-02-2023,Sofa,Furniture,134.92,9,1214.28
09-04-2023,Cheese,Groceries,17.09,1,17.09
26-04-2023,Milk,Groceries,4.07,6,24.42
14-04-2023,Table,Furniture,54.14,3,162.42
02-06-2023,Smartphone,Electronics,244.73,18,4405.14
13-07-2023,Jacket,Clothing,68.68,9,618.12
10-06-2023,Chair,Furniture,272.25,16,4356
15-05-2023,Milk,Groceries,6.85,16,109.6
22-01-2023,T-shirt,Clothing,97.57,13,1268.41
20-02-2023,Shoes,Clothing,66.8,2,133.6
04-10-2023,Jeans,Clothing,61.92,1,61.92
13-11-2023,Sofa,Furniture,307.4,17,5225.8
17-01-2023,Bed,Furniture,261.48,14,3660.72
06-01-2023,Cheese,Groceries,1.29,17,21.93
29-10-2023,Tablet,Electronics,967.26,1,967.26
26-04-2023,Milk,Groceries,8.32,1,8.32
13-09-2023,Cheese,Groceries,8.08,10,80.8
11-08-2023,T-shirt,Clothing,93.7,14,1311.8
07-10-2023,Shoes,Clothing,70.4,2,140.8
07-05-2023,Bread,Groceries,17.67,17,300.39
14-04-2023,Laptop,Electronics,732.24,16,11715.84
08-02-2023,Smartphone,Electronics,828.43,3,2485.29
02-11-2023,Headphones,Electronics,921.92,7,6453.44
09-11-2023,Chair,Furniture,137.42,8,1099.36
22-05-2023,Sofa,Furniture,202.1,2,404.2
18-11-2023,Sofa,Furniture,352.41,19,6695.79
02-06-2023,Jacket,Clothing,98.37,17,1672.29
29-06-2023,T-shirt,Clothing,37.29,11,410.19
11-04-2023,Headphones,Electronics,792.99,12,9515.88
18-04-2023,Tablet,Electronics,176.81,13,2298.53
16-12-2023,Eggs,Groceries,13.11,16,209.76
26-09-2023,Shoes,Clothing,74.31,19,1411.89
25-05-2023,Sofa,Furniture,245.08,5,1225.4
27-04-2023,Jacket,Clothing,48.55,12,582.6
09-05-2023,T-shirt,Clothing,24.08,2,48.16
06-04-2023,T-shirt,Clothing,74.31,8,594.48
25-08-2023,Laptop,Electronics,959.38,7,6715.66
11-07-2023,Milk,Groceries,12.62,3,37.86
17-03-2023,Shoes,Clothing,24.28,14,339.92
08-08-2023,Tablet,Electronics,136.66,14,1913.24
23-07-2023,Table,Furniture,393.51,7,2754.57
10-04-2023,Smartphone,Electronics,490.47,10,4904.7
03-09-2023,Headphones,Electronics,140.77,10,1407.7
07-09-2023,Bread,Groceries,10.52,5,52.6
04-01-2023,Bed,Furniture,474.75,2,949.5
09-06-2023,Cheese,Groceries,11.93,18,214.74
12-06-2023,Chair,Furniture,256.21,19,4867.99
11-04-2023,Sofa,Furniture,419.19,8,3353.52
26-11-2023,Cheese,Groceries,6.21,12,74.52
05-04-2023,T-shirt,Clothing,13.51,18,243.18
04-02-2023,Milk,Groceries,13.46,10,134.6
31-03-2023,T-shirt,Clothing,33.46,7,234.22
15-07-2023,Jeans,Clothing,41.35,11,454.85
05-08-2023,Laptop,Electronics,353.83,10,3538.3
23-12-2023,Headphones,Electronics,826.15,17,14044.55
09-04-2023,Bed,Furniture,217.41,7,1521.87
06-04-2023,Sofa,Furniture,468.84,5,2344.2
25-09-2023,Tablet,Electronics,775.78,3,2327.34
27-12-2023,Jeans,Clothing,58.09,16,929.44
05-08-2023,Jeans,Clothing,90.6,17,1540.2
10-04-2023,Chair,Furniture,457.42,12,5489.04
22-09-2023,Cheese,Groceries,19.05,19,361.95
24-05-2023,Laptop,Electronics,363.89,4,1455.56
22-02-2023,Cheese,Groceries,16,13,208
30-06-2023,T-shirt,Clothing,15.18,5,75.9
12-06-2023,Milk,Groceries,7.67,18,138.06
27-08-2023,Chair,Furniture,392.68,12,4712.16
10-09-2023,Jacket,Clothing,48.35,8,386.8
19-06-2023,Smartphone,Electronics,902.71,2,1805.42
05-01-2023,Laptop,Electronics,309.91,8,2479.28
31-12-2023,Smartphone,Electronics,831.52,7,5820.64
05-08-2023,Headphones,Electronics,415.2,19,7888.8
30-12-2023,Jacket,Clothing,48.18,19,915.42
08-02-2023,Jacket,Clothing,32.83,18,590.94
08-08-2023,T-shirt,Clothing,76.69,8,613.52
13-11-2023,Milk,Groceries,15.14,3,45.42
14-12-2023,Jeans,Clothing,43.74,17,743.58
08-11-2023,Smartphone,Electronics,492.7,12,5912.4
22-06-2023,Chair,Furniture,69.42,16,1110.72
01-08-2023,Cheese,Groceries,2.4,3,7.2
27-05-2023,Chair,Furniture,285.39,9,2568.51
01-11-2023,Jacket,Clothing,50.91,3,152.73
24-05-2023,Milk,Groceries,18.39,10,183.9
12-08-2023,Bed,Furniture,227.53,8,1820.24
02-05-2023,Bed,Furniture,258.66,18,4655.88
28-01-2023,Chair,Furniture,488.48,17,8304.16
20-07-2023,Laptop,Electronics,832.42,16,13318.72
15-02-2023,Milk,Groceries,18.87,19,358.53
13-09-2023,Tablet,Electronics,927.26,10,9272.6
08-11-2023,T-shirt,Clothing,59.64,5,298.2
29-04-2023,Chair,Furniture,399.92,18,7198.56
12-08-2023,Milk,Groceries,8.16,17,138.72
08-04-2023,Tablet,Electronics,220.47,16,3527.52
07-11-2023,Shoes,Clothing,83.16,5,415.8
24-12-2023,Milk,Groceries,12.12,5,60.6
21-07-2023,Jacket,Clothing,32.26,14,451.64
01-01-2023,Milk,Groceries,12.52,1,12.52
15-10-2023,Shoes,Clothing,34.18,7,239.26
03-06-2023,T-shirt,Clothing,52.86,3,158.58
02-11-2023,Chair,Furniture,298.36,5,1491.8
10-08-2023,Milk,Groceries,12.21,15,183.15
26-07-2023,Laptop,Electronics,675.43,11,7429.73
13-04-2023,Shoes,Clothing,11.31,6,67.86
02-11-2023,T-shirt,Clothing,45.3,19,860.7
04-11-2023,Smartphone,Electronics,505.82,15,7587.3
30-01-2023,Bread,Groceries,17.38,5,86.9
12-10-2023,Table,Furniture,466.96,10,4669.6
30-09-2023,Bed,Furniture,256.61,2,513.22
19-09-2023,Smartphone,Electronics,395.88,11,4354.68
12-02-2023,Sofa,Furniture,84.14,16,1346.24
05-04-2023,Bread,Groceries,14.26,4,57.04
26-12-2023,Bed,Furniture,235.25,3,705.75
04-06-2023,Headphones,Electronics,255.09,19,4846.71
04-10-2023,Smartphone,Electronics,350.73,6,2104.38
01-01-2023,Laptop,Electronics,420.39,14,5885.46
03-02-2023,Smartphone,Electronics,397.09,9,3573.81
09-10-2023,Tablet,Electronics,665.11,15,9976.65
25-02-2023,Jacket,Clothing,92.88,17,1578.96
26-01-2023,Chair,Furniture,88.03,3,264.09
10-09-2023,Sofa,Furniture,291.47,14,4080.58
28-01-2023,Bread,Groceries,9.79,13,127.27
03-06-2023,Jacket,Clothing,32.72,7,229.04
03-01-2023,Eggs,Groceries,10.72,15,160.8
01-10-2023,T-shirt,Clothing,57.94,15,869.1
11-07-2023,Tablet,Electronics,439.56,10,4395.6
08-02-2023,Laptop,Electronics,290.3,12,3483.6
25-01-2023,Laptop,Electronics,634.23,4,2536.92
08-03-2023,Laptop,Electronics,531.62,4,2126.48
21-04-2023,T-shirt,Clothing,60.2,8,481.6
24-08-2023,Bread,Groceries,6.39,6,38.34
29-06-2023,Shoes,Clothing,61.37,13,797.81
17-08-2023,Laptop,Electronics,106.78,6,640.68
11-03-2023,Cheese,Groceries,4.05,11,44.55
14-11-2023,Jacket,Clothing,15.01,9,135.09
04-09-2023,Eggs,Groceries,1.35,5,6.75
05-02-2023,Sofa,Furniture,453.47,11,4988.17
04-01-2023,Bread,Groceries,19.53,6,117.18
03-03-2023,Smartphone,Electronics,601.09,8,4808.72
26-01-2023,Milk,Groceries,15.62,6,93.72
28-04-2023,Sofa,Furniture,139.78,17,2376.26
20-05-2023,Milk,Groceries,12.6,6,75.6
20-10-2023,Jacket,Clothing,93.88,13,1220.44
16-09-2023,Smartphone,Electronics,402.94,10,4029.4
18-09-2023,Bread,Groceries,19.81,13,257.53
17-06-2023,Shoes,Clothing,32.92,5,164.6
25-11-2023,Laptop,Electronics,636.07,6,3816.42
04-04-2023,Milk,Groceries,17.16,12,205.92
30-11-2023,Headphones,Electronics,991.84,2,1983.68
17-03-2023,Eggs,Groceries,18.6,8,148.8
24-09-2023,Laptop,Electronics,281.46,3,844.38
01-08-2023,Laptop,Electronics,312.12,14,4369.68
03-03-2023,Chair,Furniture,444.74,18,8005.32
23-10-2023,Sofa,Furniture,371.2,19,7052.8
05-05-2023,Jeans,Clothing,77.28,15,1159.2
02-06-2023,Laptop,Electronics,452.33,2,904.66
05-11-2023,Bed,Furniture,330.91,19,6287.29
17-07-2023,Jacket,Clothing,66.49,8,531.92
11-02-2023,Bed,Furniture,407.31,1,407.31
19-08-2023,Cheese,Groceries,19.96,1,19.96
16-10-2023,Shoes,Clothing,61.29,10,612.9
05-01-2023,Bread,Groceries,7.5,6,45
08-06-2023,Cheese,Groceries,9.68,15,145.2
06-06-2023,Chair,Furniture,268.86,4,1075.44
28-11-2023,Smartphone,Electronics,110.98,19,2108.62
31-08-2023,Bed,Furniture,372.28,5,1861.4
28-05-2023,Bread,Groceries,18.26,6,109.56
14-05-2023,Sofa,Furniture,257.9,14,3610.6
29-12-2023,Table,Furniture,313.8,18,5648.4
21-04-2023,Bed,Furniture,316.83,12,3801.96
22-12-2023,Bed,Furniture,405.54,5,2027.7
24-11-2023,Bread,Groceries,15.65,9,140.85
20-02-2023,Smartphone,Electronics,940.93,11,10350.23
14-09-2023,Jeans,Clothing,98.64,14,1380.96
01-07-2023,Milk,Groceries,7.31,19,138.89
29-05-2023,Milk,Groceries,15.14,10,151.4
09-11-2023,Smartphone,Electronics,400.15,11,4401.65
21-10-2023,Jacket,Clothing,41.23,2,82.46
13-12-2023,Headphones,Electronics,302.14,12,3625.68
08-09-2023,Bread,Groceries,4.35,7,30.45
29-06-2023,Jeans,Clothing,92.34,17,1569.78
12-10-2023,Eggs,Groceries,13.01,18,234.18
18-02-2023,Milk,Groceries,19.26,17,327.42
28-05-2023,T-shirt,Clothing,17.68,8,141.44
18-02-2023,Milk,Groceries,6.89,19,130.91
30-07-2023,Shoes,Clothing,52.14,17,886.38
13-10-2023,Bed,Furniture,314.35,1,314.35
19-03-2023,Eggs,Groceries,11.03,17,187.51
24-04-2023,T-shirt,Clothing,78.88,4,315.52
21-09-2023,Tablet,Electronics,951.5,10,9515
11-06-2023,Chair,Furniture,61.42,18,1105.56
15-12-2023,Chair,Furniture,298.28,3,894.84
12-09-2023,Headphones,Electronics,193.7,15,2905.5
17-08-2023,Eggs,Groceries,13.4,15,201
21-09-2023,Jacket,Clothing,31.89,14,446.46
15-10-2023,Table,Furniture,423.6,4,1694.4
14-06-2023,Jeans,Clothing,46.58,16,745.28
07-01-2023,Jacket,Clothing,76.23,19,1448.37
22-04-2023,Tablet,Electronics,624.74,18,11245.32
02-01-2023,Tablet,Electronics,662.29,11,7285.19
22-08-2023,Bread,Groceries,7.9,12,94.8
20-01-2023,Laptop,Electronics,468.47,9,4216.23
14-08-2023,Headphones,Electronics,297.56,12,3570.72
07-10-2023,Smartphone,Electronics,609.2,14,8528.8
03-08-2023,Bed,Furniture,241.35,19,4585.65
28-07-2023,Jeans,Clothing,58.75,13,763.75
08-10-2023,Milk,Groceries,3.65,11,40.15
04-01-2023,T-shirt,Clothing,91.05,2,182.1
03-08-2023,Tablet,Electronics,840.33,10,8403.3
22-12-2023,Smartphone,Electronics,160.46,5,802.3
02-06-2023,T-shirt,Clothing,74.82,10,748.2
08-12-2023,Tablet,Electronics,910.02,6,5460.12
07-08-2023,Table,Furniture,320.23,7,2241.61
22-06-2023,Smartphone,Electronics,463.94,14,6495.16
05-03-2023,Shoes,Clothing,96.28,1,96.28
03-11-2023,Headphones,Electronics,793.89,11,8732.79
23-10-2023,Cheese,Groceries,18.39,7,128.73
20-08-2023,Bread,Groceries,10.04,15,150.6
01-06-2023,T-shirt,Clothing,75.93,1,75.93
07-09-2023,Sofa,Furniture,168.02,3,504.06
01-09-2023,Milk,Groceries,10.43,13,135.59
20-07-2023,T-shirt,Clothing,19.59,9,176.31
23-10-2023,Laptop,Electronics,545.94,11,6005.34
14-04-2023,Jeans,Clothing,32.18,3,96.54
17-08-2023,Bed,Furniture,485.46,6,2912.76
20-12-2023,Sofa,Furniture,191.57,17,3256.69
17-01-2023,Jeans,Clothing,50.14,15,752.1
12-01-2023,Shoes,Clothing,88.57,8,708.56
29-05-2023,Tablet,Electronics,751.69,16,12027.04
17-07-2023,Chair,Furniture,456.51,12,5478.12
23-05-2023,Bread,Groceries,1.98,15,29.7
15-10-2023,Shoes,Clothing,93.27,7,652.89
27-09-2023,Milk,Groceries,14.89,19,282.91
25-06-2023,Table,Furniture,239.79,18,4316.22
11-08-2023,Shoes,Clothing,86.01,18,1548.18
13-04-2023,Smartphone,Electronics,636.64,3,1909.92
18-04-2023,Chair,Furniture,84.63,5,423.15
20-06-2023,Table,Furniture,376.15,12,4513.8
08-02-2023,Cheese,Groceries,11.25,13,146.25
29-07-2023,Headphones,Electronics,484.14,12,5809.68
07-11-2023,Bread,Groceries,19.82,13,257.66
21-05-2023,Shoes,Clothing,93.93,7,657.51
29-10-2023,Chair,Furniture,395.23,12,4742.76
04-07-2023,Bed,Furniture,172.26,10,1722.6
25-12-2023,Chair,Furniture,379.52,17,6451.84
03-01-2023,Smartphone,Electronics,367.3,18,6611.4
20-11-2023,T-shirt,Clothing,63.02,16,1008.32
12-07-2023,Smartphone,Electronics,140.59,15,2108.85
01-11-2023,Headphones,Electronics,211.99,5,1059.95
02-03-2023,Tablet,Electronics,629.7,7,4407.9
15-11-2023,Shoes,Clothing,52.07,13,676.91
14-08-2023,Tablet,Electronics,992.05,8,7936.4
28-05-2023,Tablet,Electronics,307.51,19,5842.69
26-11-2023,Bread,Groceries,8.3,9,74.7
29-08-2023,Jacket,Clothing,84.36,5,421.8
18-09-2023,Jacket,Clothing,29.47,9,265.23
09-04-2023,Table,Furniture,286.26,10,2862.6
27-06-2023,T-shirt,Clothing,99.67,3,299.01
09-06-2023,Bread,Groceries,12.84,15,192.6
30-03-2023,Headphones,Electronics,622.08,2,1244.16
24-09-2023,Headphones,Electronics,339.04,9,3051.36
14-07-2023,Smartphone,Electronics,875.91,9,7883.19
09-02-2023,Laptop,Electronics,761.69,2,1523.38
04-05-2023,Bread,Groceries,5.94,5,29.7
25-06-2023,T-shirt,Clothing,17.29,16,276.64
11-10-2023,Laptop,Electronics,866.09,8,6928.72
28-10-2023,Table,Furniture,316.58,3,949.74
25-02-2023,Table,Furniture,294.7,13,3831.1
25-08-2023,Smartphone,Electronics,569.13,16,9106.08
17-06-2023,Chair,Furniture,120.8,16,1932.8
18-06-2023,Tablet,Electronics,314.82,10,3148.2
22-12-2023,Eggs,Groceries,15.3,7,107.1
13-05-2023,Milk,Groceries,17.57,19,333.83
31-01-2023,Bread,Groceries,3.45,11,37.95
07-06-2023,Eggs,Groceries,1.02,2,2.04
25-07-2023,Laptop,Electronics,332.82,2,665.64
12-08-2023,Smartphone,Electronics,393.79,9,3544.11
17-01-2023,Sofa,Furniture,219.51,13,2853.63
12-06-2023,Table,Furniture,177.5,7,1242.5
15-03-2023,Headphones,Electronics,856.11,15,12841.65
10-08-2023,Laptop,Electronics,809.93,4,3239.72
30-08-2023,Sofa,Furniture,124.87,12,1498.44
12-07-2023,T-shirt,Clothing,16.72,18,300.96
02-11-2023,Shoes,Clothing,70.84,12,850.08
13-06-2023,Eggs,Groceries,12.29,12,147.48
07-01-2023,Tablet,Electronics,839.36,15,12590.4
20-03-2023,Sofa,Furniture,163.63,2,327.26
14-08-2023,Headphones,Electronics,483.56,13,6286.28
08-02-2023,Eggs,Groceries,16.69,11,183.59
15-10-2023,Jacket,Clothing,71.24,11,783.64
27-01-2023,Milk,Groceries,19.3,15,289.5
23-12-2023,Cheese,Groceries,8.55,5,42.75
14-09-2023,Shoes,Clothing,75.2,2,150.4
12-06-2023,Chair,Furniture,343.25,12,4119
01-10-2023,Cheese,Groceries,9.99,8,79.92
01-03-2023,Jeans,Clothing,88.18,8,705.44
20-03-2023,Bread,Groceries,11.08,7,77.56
15-12-2023,Bed,Furniture,64.64,3,193.92
15-02-2023,Milk,Groceries,1.02,7,7.14
30-09-2023,Shoes,Clothing,32.28,9,290.52
15-06-2023,Chair,Furniture,122.37,2,244.74
10-12-2023,Sofa,Furniture,492.96,17,8380.32
13-03-2023,Smartphone,Electronics,712.41,18,12823.38
05-04-2023,Shoes,Clothing,69.13,1,69.13
12-04-2023,Headphones,Electronics,751.86,19,14285.34
29-03-2023,Laptop,Electronics,192.51,14,2695.14
09-06-2023,Cheese,Groceries,10.16,1,10.16
21-07-2023,Bed,Furniture,473.56,1,473.56
02-01-2023,Laptop,Electronics,894.28,1,894.28
18-03-2023,Table,Furniture,228.62,2,457.24
15-06-2023,Bread,Groceries,14.1,18,253.8
23-05-2023,T-shirt,Clothing,25.07,17,426.19
26-12-2023,Milk,Groceries,14.42,6,86.52
09-01-2023,Jeans,Clothing,14.68,9,132.12
23-07-2023,Bed,Furniture,371.34,15,5570.1
08-09-2023,Eggs,Groceries,13.56,16,216.96
10-11-2023,T-shirt,Clothing,53.28,9,479.52
07-07-2023,T-shirt,Clothing,17.35,12,208.2
28-03-2023,Chair,Furniture,265.68,19,5047.92
02-05-2023,Eggs,Groceries,9.93,13,129.09
09-08-2023,Milk,Groceries,13.52,19,256.88
27-10-2023,T-shirt,Clothing,74.73,5,373.65
18-12-2023,Chair,Furniture,271.97,10,2719.7
31-08-2023,Milk,Groceries,2.37,15,35.55
19-12-2023,Cheese,Groceries,4.31,5,21.55
04-01-2023,Bed,Furniture,395.48,18,7118.64
26-06-2023,Cheese,Groceries,12.17,2,24.34
16-08-2023,Jacket,Clothing,91.06,6,546.36
22-10-2023,Jacket,Clothing,63.31,12,759.72
11-05-2023,Smartphone,Electronics,668.4,15,10026
13-08-2023,Bread,Groceries,14.6,16,233.6
28-03-2023,Shoes,Clothing,43.56,2,87.12
20-10-2023,Smartphone,Electronics,543.05,15,8145.75
14-01-2023,Sofa,Furniture,211.66,2,423.32
19-08-2023,Jeans,Clothing,45.2,2,90.4
12-06-2023,Laptop,Electronics,392.67,8,3141.36
13-06-2023,Tablet,Electronics,508.41,11,5592.51
10-01-2023,Bread,Groceries,4.23,10,42.3
03-04-2023,Shoes,Clothing,84.6,1,84.6
13-05-2023,Bed,Furniture,327.72,1,327.72
09-11-2023,Table,Furniture,125.43,11,1379.73
24-06-2023,Headphones,Electronics,527.17,17,8961.89
30-04-2023,Bed,Furniture,313.41,15,4701.15
18-04-2023,Milk,Groceries,1.65,14,23.1
10-05-2023,Tablet,Electronics,308.02,1,308.02
29-04-2023,Bread,Groceries,4.42,5,22.1
10-06-2023,Tablet,Electronics,137.42,10,1374.2
03-10-2023,Smartphone,Electronics,968.61,11,10654.71
06-05-2023,Jeans,Clothing,67.52,7,472.64
11-08-2023,Sofa,Furniture,284.78,12,3417.36
21-10-2023,Sofa,Furniture,63.49,13,825.37
04-11-2023,Table,Furniture,140.83,8,1126.64
07-12-2023,Tablet,Electronics,705.34,6,4232.04
05-01-2023,Bread,Groceries,5.85,1,5.85
07-11-2023,Bread,Groceries,8.11,18,145.98
25-05-2023,Shoes,Clothing,87.81,17,1492.77
17-03-2023,Cheese,Groceries,16.11,4,64.44
16-10-2023,Tablet,Electronics,946.79,14,13255.06
22-02-2023,Chair,Furniture,309.73,2,619.46
11-07-2023,Jacket,Clothing,97.95,9,881.55
30-03-2023,Chair,Furniture,402.07,13,5226.91
08-06-2023,Tablet,Electronics,890.66,6,5343.96
12-05-2023,Jacket,Clothing,82.71,18,1488.78
06-10-2023,Milk,Groceries,16.54,7,115.78
30-03-2023,Tablet,Electronics,667.19,7,4670.33
23-05-2023,Tablet,Electronics,449.7,1,449.7
01-11-2023,Chair,Furniture,249.99,6,1499.94
24-09-2023,Cheese,Groceries,13.7,10,137
22-09-2023,Milk,Groceries,17.4,16,278.4
27-04-2023,Smartphone,Electronics,198.03,5,990.15
31-10-2023,Tablet,Electronics,580.24,15,8703.6
12-02-2023,Sofa,Furniture,415.84,18,7485.12
30-12-2023,Eggs,Groceries,1.35,11,14.85
02-12-2023,Milk,Groceries,18.06,4,72.24
22-07-2023,Eggs,Groceries,4.75,13,61.75
02-10-2023,T-shirt,Clothing,53.73,16,859.68
21-02-2023,Jacket,Clothing,93.66,3,280.98
16-05-2023,Table,Furniture,324.65,18,5843.7
02-01-2023,Laptop,Electronics,472.19,11,5194.09
20-09-2023,Cheese,Groceries,4.45,13,57.85
08-06-2023,Eggs,Groceries,3.03,10,30.3
25-10-2023,Bed,Furniture,241.04,7,1687.28
06-11-2023,Headphones,Electronics,139.07,10,1390.7
16-02-2023,Milk,Groceries,12.43,9,111.87
26-01-2023,Tablet,Electronics,649.88,10,6498.8
13-03-2023,Bed,Furniture,300.49,5,1502.45
09-03-2023,Shoes,Clothing,84.04,7,588.28
21-07-2023,Smartphone,Electronics,789.99,10,7899.9
30-08-2023,Tablet,Electronics,311.71,12,3740.52
14-08-2023,Tablet,Electronics,581.82,16,9309.12
20-10-2023,Eggs,Groceries,12.53,11,137.83
18-05-2023,Smartphone,Electronics,668.81,2,1337.62
16-11-2023,Eggs,Groceries,14.21,3,42.63
11-02-2023,Jeans,Clothing,74.58,17,1267.86
07-10-2023,Table,Furniture,96.85,6,581.1
11-02-2023,Sofa,Furniture,397.68,4,1590.72
20-08-2023,Laptop,Electronics,636.18,9,5725.62
16-05-2023,Tablet,Electronics,409.2,7,2864.4
15-07-2023,Laptop,Electronics,848.68,5,4243.4
27-01-2023,Chair,Furniture,172.02,8,1376.16
19-02-2023,Bread,Groceries,5.39,3,16.17
08-12-2023,T-shirt,Clothing,99.47,2,198.94
12-04-2023,Tablet,Electronics,757.59,8,6060.72
30-05-2023,Table,Furniture,480.93,13,6252.09
14-10-2023,Milk,Groceries,4.24,10,42.4
07-06-2023,Tablet,Electronics,780.55,17,13269.35
16-05-2023,Sofa,Furniture,467.23,13,6073.99
06-10-2023,Sofa,Furniture,118.59,5,592.95
26-12-2023,Bed,Furniture,159.65,6,957.9
19-08-2023,Chair,Furniture,323.82,12,3885.84
07-02-2023,Table,Furniture,78.4,4,313.6
31-05-2023,Jeans,Clothing,42.41,2,84.82
06-09-2023,Laptop,Electronics,374.97,4,1499.88
07-11-2023,Jacket,Clothing,80.76,15,1211.4
08-12-2023,Chair,Furniture,225.97,12,2711.64
27-08-2023,Smartphone,Electronics,585.76,13,7614.88
18-10-2023,Shoes,Clothing,57.92,14,810.88
14-05-2023,Cheese,Groceries,5.03,14,70.42
14-03-2023,Milk,Groceries,1.43,2,2.86
25-07-2023,Table,Furniture,338.44,2,676.88
08-10-2023,Smartphone,Electronics,382.35,14,5352.9
17-11-2023,Shoes,Clothing,78.83,3,236.49
25-01-2023,Laptop,Electronics,209.59,2,419.18
25-01-2023,Cheese,Groceries,2.52,12,30.24
15-10-2023,Bed,Furniture,317.43,14,4444.02
20-01-2023,Jeans,Clothing,19.51,6,117.06
09-06-2023,Tablet,Electronics,657.63,19,12494.97
14-10-2023,Milk,Groceries,15.83,10,158.3
11-12-2023,T-shirt,Clothing,99.54,15,1493.1
24-03-2023,Tablet,Electronics,167.17,14,2340.38
20-09-2023,Bed,Furniture,78.03,4,312.12
17-09-2023,Cheese,Groceries,16.47,7,115.29
04-11-2023,Headphones,Electronics,690.15,6,4140.9
19-08-2023,Jacket,Clothing,81.29,3,243.87
07-01-2023,Cheese,Groceries,10.15,7,71.05
17-08-2023,Smartphone,Electronics,967.44,2,1934.88
03-03-2023,Milk,Groceries,1.36,15,20.4
29-05-2023,Jacket,Clothing,22.34,7,156.38
06-03-2023,Laptop,Electronics,850.87,13,11061.31
01-08-2023,Smartphone,Electronics,158.16,4,632.64
07-07-2023,Eggs,Groceries,10.49,4,41.96
03-02-2023,Bed,Furniture,381.81,8,3054.48
15-08-2023,Laptop,Electronics,455.03,6,2730.18
11-02-2023,Smartphone,Electronics,902.88,9,8125.92
11-07-2023,Headphones,Electronics,383.87,1,383.87
10-05-2023,Bed,Furniture,164.6,10,1646
30-08-2023,Shoes,Clothing,91.16,11,1002.76
04-09-2023,Shoes,Clothing,90.56,8,724.48
20-03-2023,Headphones,Electronics,505.56,13,6572.28
10-03-2023,Bed,Furniture,280.5,5,1402.5
08-01-2023,Headphones,Electronics,176.31,11,1939.41
19-04-2023,Cheese,Groceries,3,17,51
13-05-2023,Chair,Furniture,224.42,14,3141.88
16-08-2023,Cheese,Groceries,15.72,7,110.04
28-01-2023,Eggs,Groceries,8.83,5,44.15
16-12-2023,Shoes,Clothing,16.18,10,161.8
07-02-2023,Cheese,Groceries,10.78,17,183.26
11-08-2023,Bed,Furniture,152.53,9,1372.77
18-02-2023,Table,Furniture,167.32,9,1505.88
18-06-2023,Smartphone,Electronics,530.43,18,9547.74
23-09-2023,Headphones,Electronics,363.54,8,2908.32
15-09-2023,Jeans,Clothing,62.42,16,998.72
15-10-2023,Bed,Furniture,120.49,10,1204.9
28-09-2023,Headphones,Electronics,638.68,9,5748.12
02-06-2023,Sofa,Furniture,297.54,18,5355.72
05-10-2023,Table,Furniture,467.74,12,5612.88
15-10-2023,Bread,Groceries,1.24,3,3.72
02-05-2023,Table,Furniture,437.62,17,7439.54
25-09-2023,Tablet,Electronics,327.02,13,4251.26
29-05-2023,Shoes,Clothing,77.34,14,1082.76
15-05-2023,Cheese,Groceries,2.02,11,22.22
11-12-2023,Shoes,Clothing,13.89,18,250.02
15-09-2023,Laptop,Electronics,753.38,18,13560.84
05-04-2023,Eggs,Groceries,3.86,12,46.32
05-10-2023,Milk,Groceries,12.22,3,36.66
10-07-2023,Jacket,Clothing,23.64,7,165.48
18-04-2023,Milk,Groceries,15.46,15,231.9
16-05-2023,T-shirt,Clothing,10.84,1,10.84
30-12-2023,Tablet,Electronics,992.63,8,7941.04
12-08-2023,Table,Furniture,345.9,10,3459
29-10-2023,Eggs,Groceries,4.57,9,41.13
22-04-2023,Laptop,Electronics,598.8,10,5988
31-03-2023,T-shirt,Clothing,84.94,14,1189.16
14-01-2023,Smartphone,Electronics,782.81,11,8610.91
31-08-2023,Eggs,Groceries,9.94,19,188.86
11-04-2023,Shoes,Clothing,44.68,4,178.72
20-01-2023,Shoes,Clothing,29.55,5,147.75
18-08-2023,Smartphone,Electronics,726.06,10,7260.6
07-02-2023,Shoes,Clothing,26.32,13,342.16
20-01-2023,Tablet,Electronics,886.84,14,12415.76
03-01-2023,Chair,Furniture,310.99,4,1243.96
11-09-2023,Table,Furniture,319.72,19,6074.68
08-06-2023,Bed,Furniture,194.95,14,2729.3
30-07-2023,Shoes,Clothing,40.08,6,240.48
27-04-2023,Cheese,Groceries,10.83,16,173.28
22-06-2023,Table,Furniture,197.69,1,197.69
26-05-2023,Cheese,Groceries,2.19,15,32.85
09-11-2023,Table,Furniture,339.15,17,5765.55
17-07-2023,Bed,Furniture,403.54,15,6053.1
17-07-2023,Bread,Groceries,15.2,7,106.4
17-05-2023,Shoes,Clothing,28.26,10,282.6
19-02-2023,Milk,Groceries,14.3,13,185.9
17-07-2023,Tablet,Electronics,368.85,19,7008.15
04-02-2023,T-shirt,Clothing,88.55,5,442.75
18-02-2023,Smartphone,Electronics,943.62,4,3774.48
11-03-2023,Shoes,Clothing,14.49,7,101.43
09-05-2023,Chair,Furniture,53.16,9,478.44
01-07-2023,Shoes,Clothing,21.82,4,87.28
01-08-2023,Shoes,Clothing,15.13,7,105.91
12-06-2023,Cheese,Groceries,15.96,10,159.6
02-12-2023,Table,Furniture,243,13,3159
11-03-2023,Chair,Furniture,269.41,11,2963.51
25-03-2023,T-shirt,Clothing,60.58,4,242.32
27-06-2023,Tablet,Electronics,412.61,15,6189.15
09-06-2023,Sofa,Furniture,483.53,15,7252.95
18-07-2023,Smartphone,Electronics,845.08,14,11831.12
09-11-2023,Smartphone,Electronics,981.6,5,4908
11-05-2023,Bread,Groceries,4.63,17,78.71
11-12-2023,Headphones,Electronics,970.62,9,8735.58
10-06-2023,Jeans,Clothing,30.28,10,302.8
23-11-2023,Jacket,Clothing,59.06,2,118.12
28-01-2023,Jacket,Clothing,16.09,17,273.53
17-01-2023,T-shirt,Clothing,30.35,2,60.7
06-03-2023,Jeans,Clothing,22.69,16,363.04
26-02-2023,T-shirt,Clothing,51.61,16,825.76
05-05-2023,Bread,Groceries,6.52,15,97.8
21-10-2023,Sofa,Furniture,256.66,19,4876.54
15-11-2023,Headphones,Electronics,405.8,4,1623.2
02-08-2023,Cheese,Groceries,3.4,15,51
02-08-2023,Bed,Furniture,164.97,9,1484.73
17-06-2023,Shoes,Clothing,79.48,2,158.96
05-09-2023,Jacket,Clothing,91.83,1,91.83
11-02-2023,Sofa,Furniture,97.46,18,1754.28
16-07-2023,Eggs,Groceries,4.87,10,48.7
08-01-2023,Bed,Furniture,406.78,4,1627.12
26-03-2023,Sofa,Furniture,339.2,15,5088
26-08-2023,Table,Furniture,121.08,6,726.48
25-09-2023,Jacket,Clothing,65.21,13,847.73
16-09-2023,Bread,Groceries,4.21,6,25.26
08-08-2023,Tablet,Electronics,265.8,5,1329
25-06-2023,Milk,Groceries,9.37,6,56.22
03-09-2023,Cheese,Groceries,3.24,11,35.64
29-10-2023,Cheese,Groceries,19.78,13,257.14
21-01-2023,Jeans,Clothing,39.07,6,234.42
11-08-2023,Eggs,Groceries,3.47,5,17.35
25-01-2023,Milk,Groceries,1.56,2,3.12
03-06-2023,T-shirt,Clothing,75.83,9,682.47
14-05-2023,Cheese,Groceries,6.97,11,76.67
30-12-2023,Chair,Furniture,211.01,2,422.02
11-05-2023,Bed,Furniture,286.45,16,4583.2
04-10-2023,Bed,Furniture,89.23,1,89.23
12-06-2023,Table,Furniture,206.57,15,3098.55
04-12-2023,Jacket,Clothing,68.6,16,1097.6
30-05-2023,Laptop,Electronics,825.58,15,12383.7
13-12-2023,Milk,Groceries,3.4,16,54.4
07-03-2023,Cheese,Groceries,1.07,15,16.05
20-07-2023,Bed,Furniture,496.28,3,1488.84
04-01-2023,Jeans,Clothing,29.4,15,441
10-07-2023,Tablet,Electronics,786.84,14,11015.76
22-05-2023,Bed,Furniture,154.74,9,1392.66
21-12-2023,Chair,Furniture,454.48,19,8635.12
13-08-2023,Jacket,Clothing,10.02,2,20.04
15-02-2023,T-shirt,Clothing,87.81,8,702.48
09-07-2023,Eggs,Groceries,19.56,14,273.84
25-03-2023,Laptop,Electronics,479.3,14,6710.2
03-06-2023,Jacket,Clothing,21.47,19,407.93
20-04-2023,Eggs,Groceries,15.33,9,137.97
11-10-2023,Chair,Furniture,483.26,9,4349.34
08-09-2023,Sofa,Furniture,289.7,19,5504.3
30-04-2023,Jeans,Clothing,58.66,8,469.28
13-10-2023,Headphones,Electronics,610.45,14,8546.3
22-07-2023,Tablet,Electronics,303.72,14,4252.08
10-08-2023,Headphones,Electronics,158.04,8,1264.32
02-01-2023,Laptop,Electronics,633.9,9,5705.1
30-04-2023,Eggs,Groceries,2.5,17,42.5
07-06-2023,Sofa,Furniture,170.5,14,2387
19-02-2023,Tablet,Electronics,692.94,16,11087.04
03-10-2023,Tablet,Electronics,539.54,9,4855.86
20-11-2023,Milk,Groceries,2.23,1,2.23
08-01-2023,Tablet,Electronics,487.38,12,5848.56
17-03-2023,Jacket,Clothing,22.38,19,425.22
26-01-2023,Chair,Furniture,126.76,19,2408.44
07-02-2023,Chair,Furniture,366.19,4,1464.76
07-11-2023,Cheese,Groceries,2.98,12,35.76
08-03-2023,Shoes,Clothing,95.55,2,191.1
13-12-2023,Milk,Groceries,10.62,6,63.72
19-09-2023,Jeans,Clothing,10.26,12,123.12
19-09-2023,Jacket,Clothing,22.6,10,226
03-04-2023,Laptop,Electronics,660.27,14,9243.78
18-10-2023,Chair,Furniture,263.43,17,4478.31
21-05-2023,Smartphone,Electronics,868.72,17,14768.24
09-07-2023,Sofa,Furniture,429.77,1,429.77
31-03-2023,Milk,Groceries,9.33,10,93.3
29-12-2023,T-shirt,Clothing,35,5,175
01-11-2023,Laptop,Electronics,202.45,19,3846.55
28-02-2023,Eggs,Groceries,17.61,13,228.93
11-07-2023,Bread,Groceries,19.86,13,258.18
07-05-2023,Jeans,Clothing,45.51,12,546.12
19-01-2023,Bed,Furniture,458.42,13,5959.46
25-09-2023,Headphones,Electronics,367.05,7,2569.35
07-09-2023,Headphones,Electronics,876.59,14,12272.26
09-12-2023,Jeans,Clothing,84.66,17,1439.22
24-06-2023,Table,Furniture,165.51,4,662.04
10-06-2023,Cheese,Groceries,8.01,19,152.19
27-08-2023,Bed,Furniture,388.03,1,388.03
28-11-2023,Jacket,Clothing,41.93,7,293.51
15-09-2023,Milk,Groceries,13.89,2,27.78
03-11-2023,Milk,Groceries,1.19,18,21.42
20-02-2023,Jeans,Clothing,65.13,3,195.39
25-03-2023,Jacket,Clothing,76.69,6,460.14
16-12-2023,Table,Furniture,55.27,12,663.24
23-08-2023,Tablet,Electronics,619.48,5,3097.4
01-08-2023,Jeans,Clothing,29.44,6,176.64
11-10-2023,Smartphone,Electronics,866.66,4,3466.64
09-04-2023,Tablet,Electronics,588.28,6,3529.68
02-05-2023,Shoes,Clothing,30.37,3,91.11
14-07-2023,Bed,Furniture,462.49,8,3699.92
16-03-2023,Bed,Furniture,217.03,4,868.12
16-06-2023,Shoes,Clothing,24.91,7,174.37
15-07-2023,Headphones,Electronics,785.72,15,11785.8
28-05-2023,Milk,Groceries,10.83,18,194.94
06-05-2023,Milk,Groceries,2.92,5,14.6
25-06-2023,Bed,Furniture,494.62,1,494.62
31-01-2023,Chair,Furniture,113.25,5,566.25
10-12-2023,Eggs,Groceries,19.32,4,77.28
03-06-2023,Bread,Groceries,1.59,10,15.9
20-02-2023,T-shirt,Clothing,78.06,15,1170.9
02-09-2023,T-shirt,Clothing,91.01,5,455.05
19-06-2023,Chair,Furniture,263.3,6,1579.8
15-07-2023,Shoes,Clothing,59.08,13,768.04
28-02-2023,Bread,Groceries,8.4,13,109.2
12-08-2023,Table,Furniture,293.63,5,1468.15
01-11-2023,Smartphone,Electronics,251.5,19,4778.5
11-02-2023,Shoes,Clothing,73.81,17,1254.77
07-12-2023,Jacket,Clothing,34.32,12,411.84
19-05-2023,Cheese,Groceries,7.6,3,22.8
21-04-2023,Jacket,Clothing,28.66,17,487.22
09-04-2023,Table,Furniture,330.53,19,6280.07
14-06-2023,Milk,Groceries,3.81,5,19.05
25-05-2023,Headphones,Electronics,916.25,2,1832.5
24-09-2023,Jeans,Clothing,51.26,11,563.86
05-01-2023,Headphones,Electronics,348.19,14,4874.66
12-01-2023,Jeans,Clothing,95.42,16,1526.72
18-04-2023,Bed,Furniture,438.6,4,1754.4
12-04-2023,Milk,Groceries,11.69,15,175.35
22-07-2023,Chair,Furniture,213.02,17,3621.34
28-06-2023,Smartphone,Electronics,510.38,19,9697.22
24-06-2023,Eggs,Groceries,11.9,13,154.7
12-06-2023,Sofa,Furniture,99.17,13,1289.21
03-12-2023,Laptop,Electronics,368.59,8,2948.72
27-05-2023,Bread,Groceries,5.86,5,29.3
13-01-2023,Bread,Groceries,5.19,16,83.04
24-04-2023,Table,Furniture,359.47,11,3954.17
19-11-2023,T-shirt,Clothing,22.1,16,353.6
23-07-2023,Jeans,Clothing,35.09,15,526.35
12-06-2023,Bread,Groceries,13.86,17,235.62
23-11-2023,Jacket,Clothing,13.97,4,55.88
25-01-2023,Laptop,Electronics,162.13,13,2107.69
20-08-2023,Chair,Furniture,419.87,9,3778.83
07-05-2023,Headphones,Electronics,730.03,8,5840.24
23-01-2023,Smartphone,Electronics,169.88,4,679.52
24-12-2023,Eggs,Groceries,11.43,14,160.02
07-07-2023,Laptop,Electronics,727.98,13,9463.74
02-03-2023,Eggs,Groceries,17.51,2,35.02
25-05-2023,Bread,Groceries,16.1,16,257.6
24-12-2023,Table,Furniture,82.81,13,1076.53
03-07-2023,Eggs,Groceries,5.42,7,37.94
03-08-2023,Shoes,Clothing,46.46,7,325.22
22-02-2023,Milk,Groceries,11.43,13,148.59
21-01-2023,Milk,Groceries,8.91,17,151.47
02-07-2023,Cheese,Groceries,9.54,10,95.4
23-02-2023,Bed,Furniture,357.18,14,5000.52
27-06-2023,Table,Furniture,420.14,15,6302.1
22-01-2023,Jacket,Clothing,20.8,8,166.4
12-01-2023,Eggs,Groceries,6.4,18,115.2
05-09-2023,Jacket,Clothing,14.89,12,178.68
18-02-2023,Milk,Groceries,1,18,18
06-04-2023,T-shirt,Clothing,90.62,18,1631.16
21-09-2023,Smartphone,Electronics,322.14,11,3543.54
01-05-2023,Tablet,Electronics,343.35,2,686.7
10-04-2023,Jacket,Clothing,94.87,19,1802.53
26-06-2023,Shoes,Clothing,94.27,19,1791.13
05-07-2023,Bread,Groceries,11.73,10,117.3
24-06-2023,Milk,Groceries,14.55,13,189.15
11-04-2023,Headphones,Electronics,784.93,17,13343.81
08-10-2023,Jeans,Clothing,19.48,19,370.12
30-07-2023,Chair,Furniture,71.68,5,358.4
31-10-2023,Cheese,Groceries,17.45,3,52.35
30-10-2023,Table,Furniture,335.49,3,1006.47
24-08-2023,Headphones,Electronics,873.06,13,11349.78
29-07-2023,Laptop,Electronics,474.22,2,948.44
16-01-2023,Laptop,Electronics,882.79,1,882.79
10-04-2023,Tablet,Electronics,646.98,2,1293.96
04-08-2023,Sofa,Furniture,106.58,3,319.74
28-01-2023,Shoes,Clothing,14.7,8,117.6
06-11-2023,Jeans,Clothing,90.12,11,991.32
15-08-2023,Laptop,Electronics,840.98,10,8409.8
22-02-2023,Sofa,Furniture,425.97,14,5963.58
13-01-2023,Smartphone,Electronics,403.61,17,6861.37
22-12-2023,T-shirt,Clothing,12.83,3,38.49
21-04-2023,Jeans,Clothing,91.55,11,1007.05
16-08-2023,Shoes,Clothing,45.79,1,45.79
06-12-2023,Cheese,Groceries,6.08,17,103.36
14-04-2023,Table,Furniture,435.71,10,4357.1
06-07-2023,Bread,Groceries,7.99,5,39.95
14-05-2023,Cheese,Groceries,7.31,1,7.31
24-02-2023,Jacket,Clothing,41.33,12,495.96
16-01-2023,Sofa,Furniture,348.35,13,4528.55
15-05-2023,Sofa,Furniture,354.01,11,3894.11
21-09-2023,Tablet,Electronics,802.34,8,6418.72
14-02-2023,Jacket,Clothing,37.26,3,111.78
06-06-2023,T-shirt,Clothing,53.57,15,803.55
04-05-2023,Cheese,Groceries,2.1,8,16.8
29-04-2023,Headphones,Electronics,992.2,18,17859.6
27-11-2023,Cheese,Groceries,2.44,9,21.96
17-01-2023,Bread,Groceries,4.72,10,47.2
26-01-2023,Smartphone,Electronics,383.63,19,7288.97
24-09-2023,Laptop,Electronics,574.54,4,2298.16
17-12-2023,Sofa,Furniture,166.96,17,2838.32
24-06-2023,Table,Furniture,180.73,15,2710.95
08-06-2023,Smartphone,Electronics,155.98,17,2651.66
05-01-2023,Bed,Furniture,153.61,1,153.61
14-08-2023,Cheese,Groceries,10.51,14,147.14
21-10-2023,T-shirt,Clothing,78.48,14,1098.72
21-07-2023,Jeans,Clothing,51.27,3,153.81
06-01-2023,Headphones,Electronics,288.27,11,3170.97
18-04-2023,Laptop,Electronics,983.07,13,12779.91
19-02-2023,Eggs,Groceries,5.6,6,33.6
18-06-2023,Bed,Furniture,478.14,16,7650.24
03-07-2023,Sofa,Furniture,491.51,12,5898.12
19-05-2023,Laptop,Electronics,927.45,6,5564.7
03-06-2023,Shoes,Clothing,84.65,2,169.3
30-09-2023,Eggs,Groceries,10.91,2,21.82
04-09-2023,Chair,Furniture,434.4,4,1737.6
04-04-2023,Tablet,Electronics,699.94,18,12598.92
08-12-2023,Smartphone,Electronics,642.76,5,3213.8
15-03-2023,Chair,Furniture,219.64,10,2196.4
12-09-2023,Milk,Groceries,5.22,8,41.76
18-11-2023,Cheese,Groceries,16.36,5,81.8
04-06-2023,Laptop,Electronics,532.8,13,6926.4
22-06-2023,Shoes,Clothing,36,2,72
09-05-2023,Chair,Furniture,392.45,17,6671.65
19-11-2023,Bed,Furniture,389.42,3,1168.26
09-04-2023,Tablet,Electronics,619.41,14,8671.74
17-01-2023,Jeans,Clothing,32.59,18,586.62
20-11-2023,Smartphone,Electronics,912.01,13,11856.13
26-04-2023,Bread,Groceries,16.96,9,152.64
15-04-2023,Smartphone,Electronics,960.69,2,1921.38
25-08-2023,Laptop,Electronics,488.24,11,5370.64
08-11-2023,Milk,Groceries,10.82,19,205.58
19-04-2023,Sofa,Furniture,452.34,7,3166.38
03-06-2023,Chair,Furniture,238.75,4,955
06-10-2023,Shoes,Clothing,54.78,13,712.14
09-08-2023,Chair,Furniture,183.06,16,2928.96
13-04-2023,Shoes,Clothing,67.24,4,268.96
28-09-2023,Milk,Groceries,9.74,15,146.1
07-10-2023,Cheese,Groceries,1.91,4,7.64
24-01-2023,Table,Furniture,421.15,2,842.3
30-06-2023,Bed,Furniture,241.35,5,1206.75
17-12-2023,Jeans,Clothing,78.9,6,473.4
23-12-2023,Smartphone,Electronics,280.5,7,1963.5
26-03-2023,Headphones,Electronics,307.37,19,5840.03
08-12-2023,Cheese,Groceries,19.37,6,116.22
27-08-2023,Laptop,Electronics,783.16,18,14096.88
30-01-2023,Jeans,Clothing,74.14,19,1408.66
25-07-2023,Smartphone,Electronics,403.27,15,6049.05
16-08-2023,Cheese,Groceries,15.33,8,122.64
29-08-2023,Sofa,Furniture,236.51,10,2365.1
21-07-2023,Sofa,Furniture,171.06,9,1539.54
19-05-2023,Table,Furniture,266.84,17,4536.28
20-11-2023,Bed,Furniture,334.47,5,1672.35
12-04-2023,Laptop,Electronics,737.64,19,14015.16
19-10-2023,Laptop,Electronics,503.93,2,1007.86
14-04-2023,Cheese,Groceries,2.87,6,17.22
01-01-2023,Eggs,Groceries,3.38,17,57.46
08-09-2023,Laptop,Electronics,227.95,6,1367.7
19-09-2023,Bed,Furniture,120.8,17,2053.6
04-03-2023,Headphones,Electronics,703.95,13,9151.35
02-07-2023,Chair,Furniture,190.39,15,2855.85
10-04-2023,Bed,Furniture,380.5,18,6849
05-12-2023,Cheese,Groceries,3.36,14,47.04
10-11-2023,Smartphone,Electronics,858.95,4,3435.8
04-08-2023,Milk,Groceries,16.53,1,16.53
17-06-2023,Milk,Groceries,10.59,16,169.44
13-01-2023,Bed,Furniture,371.48,19,7058.12
23-07-2023,Sofa,Furniture,445.7,4,1782.8
31-05-2023,Shoes,Clothing,83.48,5,417.4
24-11-2023,Bread,Groceries,12.87,3,38.61
24-04-2023,Sofa,Furniture,457.74,18,8239.32
24-11-2023,Chair,Furniture,296.99,11,3266.89
10-10-2023,Chair,Furniture,470.75,5,2353.75
26-02-2023,Table,Furniture,322.48,1,322.48
14-11-2023,Shoes,Clothing,40.01,5,200.05
16-02-2023,Cheese,Groceries,19.66,7,137.62
20-03-2023,Bread,Groceries,15.84,18,285.12
15-11-2023,Jeans,Clothing,98.23,10,982.3
17-01-2023,T-shirt,Clothing,59.3,9,533.7
23-03-2023,Shoes,Clothing,48.05,17,816.85
23-07-2023,Eggs,Groceries,12.5,2,25
11-12-2023,Cheese,Groceries,12.98,10,129.8
15-06-2023,T-shirt,Clothing,64.33,7,450.31
07-08-2023,Tablet,Electronics,956.28,9,8606.52
28-05-2023,Sofa,Furniture,330.64,15,4959.6
18-11-2023,Jeans,Clothing,11.36,3,34.08
14-05-2023,Eggs,Groceries,13.84,1,13.84
18-12-2023,Table,Furniture,190.81,4,763.24
28-02-2023,Table,Furniture,439.74,1,439.74
24-03-2023,Jeans,Clothing,23.93,15,358.95
11-11-2023,Jacket,Clothing,89.47,4,357.88
08-04-2023,Jeans,Clothing,14.54,1,14.54
28-10-2023,Sofa,Furniture,163.9,4,655.6
24-03-2023,Smartphone,Electronics,459.13,13,5968.69
15-02-2023,Shoes,Clothing,70.52,16,1128.32
15-06-2023,Smartphone,Electronics,107.49,18,1934.82
01-09-2023,Milk,Groceries,18.38,15,275.7
28-09-2023,Chair,Furniture,280.73,19,5333.87
05-09-2023,Chair,Furniture,296.09,9,2664.81
19-06-2023,Shoes,Clothing,28.36,7,198.52
02-09-2023,Eggs,Groceries,15.04,15,225.6
04-03-2023,Laptop,Electronics,114.23,11,1256.53
17-10-2023,Sofa,Furniture,256.52,3,769.56
14-11-2023,Jeans,Clothing,70.56,18,1270.08
04-04-2023,Sofa,Furniture,427.32,6,2563.92
07-05-2023,Cheese,Groceries,18.72,13,243.36
23-06-2023,Bread,Groceries,10.76,14,150.64
21-09-2023,Bread,Groceries,8.05,9,72.45
17-04-2023,Tablet,Electronics,341.97,1,341.97
01-07-2023,Laptop,Electronics,131.51,2,263.02
27-02-2023,Eggs,Groceries,14.4,8,115.2
24-04-2023,Sofa,Furniture,471.33,18,8483.94
20-12-2023,Bread,Groceries,15.92,13,206.96
17-09-2023,Shoes,Clothing,46.69,11,513.59
06-11-2023,Bed,Furniture,144.51,1,144.51
07-11-2023,Bread,Groceries,1.22,1,1.22
12-04-2023,Jeans,Clothing,24.44,5,122.2
21-07-2023,Chair,Furniture,386.05,3,1158.15
19-04-2023,Cheese,Groceries,9.48,4,37.92
10-03-2023,Headphones,Electronics,932.1,10,9321
23-01-2023,Laptop,Electronics,768.28,13,9987.64
07-11-2023,Shoes,Clothing,82.84,5,414.2
05-02-2023,T-shirt,Clothing,43.62,7,305.34
02-12-2023,Laptop,Electronics,192.31,9,1730.79
06-01-2023,Milk,Groceries,10.56,9,95.04
28-04-2023,Smartphone,Electronics,895.94,12,10751.28
09-11-2023,Bread,Groceries,6.62,15,99.3
14-06-2023,Milk,Groceries,14.72,15,220.8
22-04-2023,Milk,Groceries,4.14,8,33.12
26-03-2023,Jeans,Clothing,75.92,18,1366.56
04-04-2023,T-shirt,Clothing,17.52,17,297.84
06-05-2023,Cheese,Groceries,17.93,14,251.02
02-05-2023,Jacket,Clothing,19.48,4,77.92
11-06-2023,Smartphone,Electronics,646.98,14,9057.72
16-06-2023,Eggs,Groceries,8.43,19,160.17
28-04-2023,Bread,Groceries,19.24,8,153.92
29-12-2023,Laptop,Electronics,474.2,1,474.2
19-01-2023,Bread,Groceries,8.83,10,88.3
20-12-2023,Milk,Groceries,17.54,2,35.08
03-04-2023,Sofa,Furniture,101.93,17,1732.81
02-09-2023,Chair,Furniture,201.74,17,3429.58
12-03-2023,Laptop,Electronics,788.32,3,2364.96
07-01-2023,Jeans,Clothing,95.63,1,95.63
29-08-2023,Jeans,Clothing,87.16,3,261.48
26-07-2023,Laptop,Electronics,299.71,16,4795.36
25-01-2023,Shoes,Clothing,72.75,1,72.75
03-04-2023,Smartphone,Electronics,858.99,19,16320.81
30-12-2023,Bread,Groceries,16.04,14,224.56
05-12-2023,Bread,Groceries,8.69,15,130.35
19-05-2023,Smartphone,Electronics,449.04,8,3592.32
26-05-2023,Cheese,Groceries,4.87,8,38.96
22-01-2023,Shoes,Clothing,26.36,8,210.88
19-10-2023,Cheese,Groceries,11.37,17,193.29
22-06-2023,T-shirt,Clothing,56.2,15,843
20-01-2023,Chair,Furniture,301.58,3,904.74
05-12-2023,Bread,Groceries,14.86,8,118.88
28-02-2023,Bread,Groceries,8.12,11,89.32
02-05-2023,Eggs,Groceries,18.66,11,205.26
03-03-2023,Chair,Furniture,217.96,2,435.92
13-11-2023,Sofa,Furniture,71.9,4,287.6
16-05-2023,Smartphone,Electronics,593.23,16,9491.68
14-11-2023,Cheese,Groceries,10.84,17,184.28
21-12-2023,Tablet,Electronics,658.43,7,4609.01
02-04-2023,Tablet,Electronics,901.37,17,15323.29
03-08-2023,Eggs,Groceries,9.23,4,36.92
02-09-2023,T-shirt,Clothing,24.08,10,240.8
26-09-2023,Bread,Groceries,8.34,8,66.72
28-02-2023,Headphones,Electronics,639.79,2,1279.58
04-04-2023,Shoes,Clothing,75.19,11,827.09
26-07-2023,Chair,Furniture,313.1,18,5635.8
12-12-2023,Bread,Groceries,19.21,17,326.57
03-03-2023,Jeans,Clothing,33.77,6,202.62
10-08-2023,Laptop,Electronics,575.85,14,8061.9
26-09-2023,Cheese,Groceries,16.65,10,166.5
26-07-2023,Bed,Furniture,392.38,6,2354.28
06-12-2023,Jeans,Clothing,77.31,1,77.31
28-01-2023,Chair,Furniture,258.8,6,1552.8
06-04-2023,Eggs,Groceries,11.59,14,162.26
27-06-2023,Table,Furniture,243.04,14,3402.56
06-07-2023,Bed,Furniture,381.3,7,2669.1
14-04-2023,Smartphone,Electronics,184.89,8,1479.12
27-11-2023,Smartphone,Electronics,736.15,6,4416.9
25-06-2023,Cheese,Groceries,18.16,10,181.6
31-12-2023,Eggs,Groceries,11.85,16,189.6
10-09-2023,Laptop,Electronics,965.04,11,10615.44
06-07-2023,Tablet,Electronics,465.41,16,7446.56
18-10-2023,T-shirt,Clothing,11.54,18,207.72
22-12-2023,Sofa,Furniture,426.7,11,4693.7
21-12-2023,Cheese,Groceries,8.88,10,88.8
05-12-2023,Headphones,Electronics,991.61,19,18840.59
20-06-2023,T-shirt,Clothing,22.46,16,359.36
30-07-2023,Cheese,Groceries,8.2,2,16.4
02-07-2023,Chair,Furniture,334.88,5,1674.4
20-02-2023,Headphones,Electronics,544.73,17,9260.41
19-06-2023,Table,Furniture,316.92,11,3486.12
15-10-2023,Milk,Groceries,13.82,18,248.76
16-03-2023,Headphones,Electronics,550.32,9,4952.88
28-02-2023,Milk,Groceries,13.32,10,133.2
05-12-2023,Headphones,Electronics,829.23,1,829.23
23-05-2023,Bed,Furniture,69.05,18,1242.9
28-07-2023,Smartphone,Electronics,252.76,18,4549.68
22-04-2023,Tablet,Electronics,254.29,15,3814.35
25-09-2023,Table,Furniture,358.57,6,2151.42
11-05-2023,Bed,Furniture,479.09,13,6228.17
18-11-2023,Laptop,Electronics,349.31,4,1397.24
26-01-2023,Cheese,Groceries,2.8,11,30.8
30-05-2023,Bed,Furniture,79.94,17,1358.98
08-05-2023,Bed,Furniture,160.83,14,2251.62
14-11-2023,Eggs,Groceries,10.53,15,157.95
04-06-2023,Tablet,Electronics,357.87,9,3220.83
28-06-2023,Chair,Furniture,453.81,15,6807.15
11-08-2023,Milk,Groceries,9.84,14,137.76
03-10-2023,Sofa,Furniture,245.93,12,2951.16
30-09-2023,Table,Furniture,472.08,19,8969.52
11-01-2023,T-shirt,Clothing,47.46,2,94.92
08-09-2023,Table,Furniture,170.85,10,1708.5
21-02-2023,Milk,Groceries,11.07,5,55.35
06-05-2023,Headphones,Electronics,202.99,12,2435.88
25-02-2023,Cheese,Groceries,4.94,8,39.52
03-04-2023,Shoes,Clothing,21.67,7,151.69
28-01-2023,Headphones,Electronics,706.59,4,2826.36
11-04-2023,T-shirt,Clothing,90.84,18,1635.12
15-06-2023,Cheese,Groceries,3.94,2,7.88
31-01-2023,Eggs,Groceries,11.7,5,58.5
11-07-2023,T-shirt,Clothing,55.5,14,777
21-12-2023,Bed,Furniture,128.41,17,2182.97
06-03-2023,Eggs,Groceries,6.82,10,68.2
30-06-2023,Table,Furniture,256.29,13,3331.77
30-03-2023,Table,Furniture,350.25,8,2802
16-04-2023,Eggs,Groceries,11.22,7,78.54
13-01-2023,Headphones,Electronics,900.57,18,16210.26
